id,repository
bio2rdf-chembl,Bio2RDF
fu-berlin-drugbank,LOD
bio2rdf-goa,Bio2RDF
bio2rdf-homologene,Bio2RDF
bio2rdf-irefindex,Bio2RDF
bio2rdf-mesh,Bio2RDF
bio2rdf-ndc,Bio2RDF
bio2rdf-pharmgkb,Bio2RDF
bio2rdf-orphanet,Bio2RDF
bio2rdf-sabiork,Bio2RDF
bio2rdf-sider,Bio2RDF
bio2rdf-taxon,Bio2RDF
bio2rdf-wormbase,Bio2RDF
bioportal-mccl_x1,Wikidata
bioportal-apo,LOD
bioportal-nmr,LOD
bioportal-sio,LOD
bioportal-fypo,LOD
bioportal-mod,LOD
bioportal-imr,LOD
bioportal-nif_cell,Wikidata
bioportal-wbphenotype,LOD
jita,Isolated
bioportal-efo,LOD
bioportal-aeo,LOD
bioportal-rex,LOD
bioportal-geospecies,LOD
bioportal-chebi,LOD
bioportal-rnao,LOD
bioportal-lipro,LOD
bioportal-hao,LOD
bioportal-fbdv,LOD
bioportal-fbbt,LOD
bioportal-bto,Wikidata
bioportal-ncbitaxon,LOD
bioportal-pw,LOD
bioportal-ogi,LOD
bioportal-ev,LOD
bioportal-ehdaa,LOD
bioportal-mmo,Wikidata
bioportal-ido,Wikidata
bioportal-cheminf,LOD
bioportal-npo,LOD
chempedia-rdf,LOD
bioportal-mego,LOD
addgene,LOD
bioportal-exo,LOD
bioportal-uo,LOD
bioportal-pato,LOD
kupkb,LOD
entrez_gene,LOD
bioportal-mcbcc,LOD
bioportal-oboe,LOD
bioportal-snpo,LOD
bioportal-sao,LOD
fu-berlin-stitch,LOD
bioportal-cl,LOD
bioportal-bp,LOD
bioportal-bdo,LOD
biosamples-rdf,LOD
bioportal-ecg,LOD
fu-berlin-dailymed,LOD
PGxLOD,LOD
gene-expression-atlas-rdf,LOD
yale_senselab,LOD
arrayexpress-e-afmx-1,LOD
biolod-pdb,LOD
bioportal-icf_x1,LOD
cz-sidc-drug-ingredients,LOD
chem2bio2rdf,Bio2RDF
Naturopathy,LOD
bioportal-mdr,LOD
bioportal-spto,LOD
bioportal-ddi,Wikidata
Hermos,LOD
bioportal-mpath,LOD
bioportal-jerm,LOD
bioportal-phare,LOD
disgenet,LOD
cz-sidc-drugs,LOD
cz-eh-1-atc,LOD
bioportal-nigo,LOD
PubChem RDF,LOD
bioportal-gro,LOD
bioportal-unitsontology,LOD
bioportal-ogmd,LOD
bioportal-nddf,LOD
bioportal-mo,LOD
bioportal-ms,LOD
linked-drugs,LOD
ontobeef-domain,Isolated
bioportal-ndfrt,LOD
bioportal-ontoorpha,LOD
bioportal-air,LOD
bioportal-bcgo,Wikidata
ogolod,LOD
bioportal-hugo,LOD
bioportal-neomark,Wikidata
bioportal-pdq,LOD
bioportal-cogat,LOD
bio2rdf-affymetrix,Bio2RDF
bio2rdf-clinicaltrials,Bio2RDF
bio2rdf-ctd,Bio2RDF
bio2rdf-dbsnp,Bio2RDF
bio2rdf-genage,Bio2RDF
bio2rdf-gendr,Bio2RDF
bio2rdf-hgnc,Bio2RDF
bio2rdf-interpro,Bio2RDF
bio2rdf-iproclass,Bio2RDF
bio2rdf-kegg,Bio2RDF
bio2rdf-linkedspl,Bio2RDF
bio2rdf-lsr,Bio2RDF
bio2rdf-ncbigene,Bio2RDF
bio2rdf-omim,Bio2RDF
bio2rdf-pathwaycommons,Bio2RDF
bio2rdf-reactome,Bio2RDF
bio2rdf-sgd,Bio2RDF
bio2rdf-bioportal,Bio2RDF
lincs-cloview,Ontobee
lthido,Ontobee
ndf-rt,Ontobee
ogg-at,Isolated
ogg-bru,Isolated
ogg-dm,Isolated
ogg-sc,Isolated
reo,Ontobee
sdgio,Ontobee
uberon-basic,Ontobee
uberon_collected_metazoa,Ontobee
uberon_depictions,Ontobee
xl,Ontobee
evorao,OLS
ictv,OLS
uniprotrdfs,OLS
addicto,OLS
dhba,OLS
hba,OLS
lipidmaps,OLS
cao,OLS
phi,OLS
msio,OLS
pride,OLS
unimod,OLS
hcao,OLS
bcio,OLS
covoc,OLS
snomed,OLS
ehda,OBO
flu,OBO
loggerhead,OBO
pd_st,OBO
propreo,Isolated
resid,OBO
sopharm,OBO
tahe,OBO
tahh,OBO
bci,LOV
biol,LOV
biopax,LOD
biotop,LOV
cochrane,LOV
cocoon,LOV
dataid,LOV
dbm,LOV
dbpedia-owl,LOV
hifm,LOV
hosp,LOV
incident,LOV
lsc,LOV
ofo,LOV
omnlc,LOV
person,LOV
pext,LOV
phdd,LOV
pimsii,LOV
plink,LOV
pmofn,LOV
pmonb,LOV
pmopb,LOV
pmovn,LOV
s4ehaw,LOV
sbeo,LOV
scip,LOV
scoro,LOV
tax,LOV
taxon,Wikidata
wikibase,LOV
mammalian-phenotype-ontology,OBO
drosophila-anatomy-developmental-ontology,GitHub
geno-ontology,Ontobee
sem-prov-ontologies,GitHub
microbe_masst,GitHub
semanticchemistry,GitHub
monarch-disease-ontology-retired,GitHub
hspo-ontology,GitHub
environmental-exposure-ontology,GitHub
mental-functioning-ontology,Ontobee
diamond,GitHub
genealogical-trees,GitHub
bio-attribute-ontology,GitHub
behavior-ontology,GitHub
joint-food-ontology-wg,GitHub
disease-ontology,Wikidata
osdu-ontology,GitHub
crop-ontology,GitHub
humandiseaseontology,OBO
human-phenotype-ontology,Wikidata
go-ontology,Wikidata
cell-ontology,Wikidata
plant-ontology,Wikidata
ontie,GitHub
auto,GitHub
plant-stress-ontology,Ontobee
foodbiomarkerontology,OBO
obsolete-hdo,GitHub
rsc-cmo,GitHub
bbc-wildlife,GitHub
mcog-core,GitHub
flybase-controlled-vocabulary,Ontobee
plant-experimental-conditions-ontology,OBO
developmental-stage-ontologies,GitHub
zebrafish-phenotype-ontology,Ontobee
fungal-anatomy-ontology,GitHub
hetontology,GitHub
mobio,GitHub
sfwo,GitHub
nfdi4plants_ontology,GitHub
gene-ontology,Wikidata
conso,GitHub
human_phenotype_ontology,Wikidata
healthont,GitHub
heron-ontology,GitHub
ontologyandqahealth,GitHub
diagnosis_support,GitHub
codmo,GitHub
miaf-ontology,GitHub
ontology_deb,GitHub
ontology-covid-patients,GitHub
tibb-nabawi,GitHub
toxicology-ontology,GitHub
gliomarker,GitHub
clinical_trial_ontology,GitHub
clinreason,GitHub
cdt-ontology,GitHub
autocoo,GitHub
ecmo,GitHub
ontology-of-clinical-research,Wikidata
pacco,GitHub
obci,GitHub
ontology-of-traditional-chinese-medicine,GitHub
bim-biomedical-image-ontology,GitHub
debio,GitHub
bioportal,GitHub
obi-ontology.org,GitHub
yggdrasil,GitHub
hpo-explorer,GitHub
gene_ontology,Wikidata
pathogenesis-gene-ontology,GitHub
geneontology.jl,GitHub
geneontologygraphdb,GitHub
bacteria-ontologia,GitHub
gene_onotology_obo_tools,GitHub
zeogs_github,GitHub
ogg-core,Isolated
pcpannotationassessment,GitHub
do2go_mouse,GitHub
go2cell,GitHub
dataset_gene_ontology_term,GitHub
genes-data,GitHub
gene-ontology-classification-of-protein-sequence,GitHub
sepsis_gene_knowledgegraph_ontology,GitHub
gocluster,GitHub
regeneration-in-drosophila-melanogaster,GitHub
ppi-research,GitHub
clusterprofiler,GitHub
go-rdf,GitHub
gograph,GitHub
geneontologynextgeneration,GitHub
gopher,GitHub
bayesgo2do,GitHub
gene-ontology-database,GitHub
basic-gene-ontology,GitHub
wbo-gene-ontology,GitHub
gene-pleiotropy,GitHub
gene-ontology-enrichment,GitHub
bluegenes-gene-ontology,GitHub
bacteria-ontology,GitHub
go_ltr,GitHub
ogg-bacteria,Isolated
ensembl_to_go,GitHub
ontologyclassgenerator,GitHub
geneontology,Wikidata
phewas-sd,GitHub
goo,GitHub
go-analysis,GitHub
gdo,GitHub
gosum,GitHub
goenrichment.jl,GitHub
gow,GitHub
bulk_rna_sequencing,GitHub
page_mpo,GitHub
goal2.0,GitHub
clustering_on_gene_annotations,GitHub
pslg-server,GitHub
viral,GitHub
binf,GitHub
geneexpression-dataparser,GitHub
10x_human_cerebellum_organoid,GitHub
tissuephenomicsontology,GitHub
htao,GitHub
cellfinder,GitHub
gombo,GitHub
cellxgene-ontology-guide,GitHub
zebrafish-anatomical-ontology,GitHub
scdo-ontology,GitHub
domain-sofc,GitHub
scatlas,GitHub
whole_human_brain_ontology,GitHub
biological_co_analysis,GitHub
cmeo,GitHub
oncocl,GitHub
peroman,GitHub
obo_parser,GitHub
phenostacks,GitHub
human-phenotype-challenge,GitHub
hpo_mp_matching,GitHub
hpo_study_04_12_2020,GitHub
human-developmental-anatomy-ontology,GitHub
myupheno1,GitHub
homology-ontology,OBO
infectious-disease-ontology,Wikidata
diseases-ontology,GitHub
neurological-disease-ontology,GitHub
diseasedriversontology,OBO
dermatology,GitHub
idoschisto,GitHub
diseaseontology,Wikidata
idomen,GitHub
ohboi_human_bacterial_infectious_disease_ontology_semtech_an,GitHub
viraldiseasesanddrugs,GitHub
disease-ontology_human-disease-ontology,Wikidata
diseasesontology,Wikidata
do-master-table,GitHub
disease-incidence-ontology,GitHub
crohn-ontology,GitHub
radipo,GitHub
pido,GitHub
rice-pest-disease-ontology,GitHub
yado,GitHub
cancerdiseaseontology,GitHub
eyediseaseontology,GitHub
infectious-diseases-ontology,GitHub
ocular-disease-ontology,GitHub
cardiovasculardiseasesontology,GitHub
huma_disease_ontology,GitHub
ovd,GitHub
animal-disease-symptom-ontology,GitHub
bacteria-infectious-disease-ontology,GitHub
adni_ontology,GitHub
ordi,GitHub
hcdo,GitHub
ntdo,GitHub
bcontology,GitHub
covid-19-ontology,GitHub
odao,GitHub
opioiddrugontology.github.io,GitHub
uc_fooddruginteractionontology,GitHub
dibo-ontology,GitHub
dibo,GitHub
breast_cancer_ontology,GitHub
covid19-epidemiology-ontology,GitHub
vfb-scrnaseq-ontology,GitHub
orsa,GitHub
ucva,BioPortal
jso,BioPortal
mirapie,Isolated
koio,BioPortal
datahub,BioPortal
genevieve,BioPortal
gdco,BioPortal
tm-other-factors,BioPortal
rdao,BioPortal
hfo,BioPortal
gfvo,BioPortal
g4-dsip,BioPortal
fisho,BioPortal
simon,BioPortal
injurytypes,BioPortal
cst,BioPortal
cstd,BioPortal
vimm,BioPortal
ontopbm,BioPortal
icd11-bodysystem,BioPortal
vodanadiseases,BioPortal
iso19115mi,BioPortal
bim,BioPortal
hmis033b,BioPortal
rda-issuance,BioPortal
typon,BioPortal
test-m4m20-pav,BioPortal
neudigs,BioPortal
opde,BioPortal
opdt,BioPortal
ncod,BioPortal
lc-media,BioPortal
rnprio,BioPortal
nnd_nd,BioPortal
iso19115id,BioPortal
rdo,BioPortal
testex,BioPortal
ahso,BioPortal
imobo,BioPortal
rao,BioPortal
covidcrfrapid,BioPortal
ogroup,BioPortal
cokpme,BioPortal
odht,BioPortal
iso19115pr,BioPortal
pgxo,BioPortal
top-menelas,BioPortal
infrarisk,BioPortal
wc,BioPortal
vvmm,BioPortal
gamuts,BioPortal
ecosim,BioPortal
aura,BioPortal
frmo,BioPortal
plio,BioPortal
flyglycodb,BioPortal
ldbase,BioPortal
admin,BioPortal
hivhpvstom,BioPortal
fplx,BioPortal
epso,BioPortal
epie,BioPortal
epip,BioPortal
land-surface,BioPortal
panda,BioPortal
nnd_ch,BioPortal
dsip,BioPortal
lcdgt,BioPortal
sugarbind,BioPortal
omv,BioPortal
apaocuemploy,BioPortal
glyco,BioPortal
tm-const,BioPortal
cdmonto,BioPortal
rgd,BioPortal
gbol,BioPortal
tp_rel_fam,BioPortal
allergidoc,BioPortal
haroreado,BioPortal
cmr-qa,Isolated
neomark4,BioPortal
pmd,BioPortal
pmdo,BioPortal
comodi,BioPortal
e-ppo,BioPortal
sos,BioPortal
chd,BioPortal
boshi,BioPortal
idg_gl,BioPortal
gco,BioPortal
zonmw-generic,BioPortal
extract,BioPortal
vodana-mpa,BioPortal
hmado,BioPortal
ontokbcf,BioPortal
electrica,BioPortal
covid19-ibo,BioPortal
rctv2,BioPortal
dhmo,BioPortal
medeon,BioPortal
npokb,BioPortal
dsip2324_demo,BioPortal
apaonto,BioPortal
vodanamflcode,BioPortal
cisaviado,BioPortal
cso,BioPortal
asdf,BioPortal
ontosinasc,BioPortal
cidoc-crm,BioPortal
roo,BioPortal
sty,BioPortal
covid-19-ont-pm,BioPortal
nmdco,BioPortal
ogr,BioPortal
iso19115ex,BioPortal
ontodm-kdd,BioPortal
esfo,BioPortal
sbol,BioPortal
gdoa,BioPortal
mello-d,BioPortal
fire,BioPortal
ecm4m-md-vocabs,BioPortal
patit,BioPortal
itemas,BioPortal
senso,BioPortal
bof,BioPortal
uganda_diseases,BioPortal
taon,BioPortal
spo,BioPortal
oborel,BioPortal
xeo,BioPortal
doves,BioPortal
bpforms,BioPortal
datacite,BioPortal
marc-relators,BioPortal
fdc-gdmt,BioPortal
ontotox,BioPortal
pma,BioPortal
sto-draft,BioPortal
bto-provo,BioPortal
dct,OLS
into,BioPortal
henecon,BioPortal
ecso,BioPortal
gpml,BioPortal
olam,BioPortal
olas,BioPortal
paino,BioPortal
o-rextech,BioPortal
fdsajfahsjk,BioPortal
bhn,BioPortal
brain-cof,BioPortal
pnado,BioPortal
ontoad,BioPortal
hrdo,BioPortal
cdpeo,BioPortal
elter_cl,BioPortal
matrrockigneous,BioPortal
bms-lm,BioPortal
opdre,BioPortal
pmo-speed,BioPortal
idoden,BioPortal
birthonto,BioPortal
meo,BioPortal
idem,BioPortal
dilon,BioPortal
fmpm,BioPortal
patct,BioPortal
hiv,BioPortal
dsip1v,BioPortal
suicideo,BioPortal
smash,BioPortal
gvo,BioPortal
ibd,BioPortal
iso19115dtc,BioPortal
onl-mr-da,Isolated
bipom,BioPortal
entity,BioPortal
mco4mcre,BioPortal
rdl,BioPortal
surgical,BioPortal
radxtt-mvreasons,BioPortal
omco,BioPortal
bpt,BioPortal
cho,BioPortal
bmt,BioPortal
weave,BioPortal
mnr,BioPortal
elig,BioPortal
asdpto,BioPortal
legalapa,BioPortal
deb,BioPortal
apro,BioPortal
cabro,BioPortal
helifit,BioPortal
i2sv,BioPortal
ochv,BioPortal
gro-cpd,BioPortal
nifsubcell,BioPortal
nmosp,BioPortal
hamidehsgh,BioPortal
mim,BioPortal
sepon,BioPortal
tma,BioPortal
nero,BioPortal
n-cdoh,Isolated
ocdm,BioPortal
cedarpc,BioPortal
wsm-library,BioPortal
mnv,BioPortal
nist_gel,BioPortal
fast-formgenre,BioPortal
galen,BioPortal
biomodels,LOD
pregonto,Isolated
url,BioPortal
exon,BioPortal
dcat-fdc,BioPortal
poem,BioPortal
ofl,BioPortal
sd3,BioPortal
be,BioPortal
ontolurgences,BioPortal
test_cbi,BioPortal
adcad,BioPortal
decide,BioPortal
iso19115roles,BioPortal
pso_2,BioPortal
ontodm-algorithm,BioPortal
vfb_drivers,BioPortal
lifo,BioPortal
phy,BioPortal
dermo,BioPortal
msv,BioPortal
pp,BioPortal
pe,BioPortal
pu,BioPortal
ngsonto,BioPortal
dsip7,BioPortal
creno,BioPortal
ddss,BioPortal
apatandt,BioPortal
cto-ndd,BioPortal
umms,BioPortal
tml,BioPortal
peao,BioPortal
soho,Isolated
pe-o,BioPortal
neicbeer,BioPortal
cmdo,BioPortal
hhearvs,BioPortal
sasap,BioPortal
bctt,BioPortal
hivhpvschistosom,BioPortal
iobc,BioPortal
fast-event,BioPortal
nio,BioPortal
glycordf,BioPortal
syriandrugs,BioPortal
ipd,BioPortal
mads-rdf,BioPortal
rsa,BioPortal
icd-o-3,BioPortal
dreamdnpto,BioPortal
npi,BioPortal
bflc,BioPortal
hhear,BioPortal
hhearp,BioPortal
sarsmutonto,BioPortal
ecp,BioPortal
bcsr-onto,BioPortal
lpt,BioPortal
orcs,BioPortal
genai,BioPortal
pharmgkb,LOD
gdmt,BioPortal
cdo,BioPortal
cdoh,Isolated
adicap,BioPortal
cohsi2termsweekx,BioPortal
dmto,BioPortal
tm-mer,BioPortal
mamo-scr-onto,BioPortal
comet,BioPortal
bero,BioPortal
drmo,BioPortal
assaynode,BioPortal
neic-onto,BioPortal
nic,BioPortal
contsonto,BioPortal
momcare,BioPortal
peo_ontology,BioPortal
iso19115srs,BioPortal
iso19115tcc,BioPortal
m4m-21-variables,BioPortal
pbpko,BioPortal
trak,BioPortal
kenyaanc,BioPortal
inbiodiv,BioPortal
canont,BioPortal
dcat3,BioPortal
m4m-21-subjects,BioPortal
hio,BioPortal
option-ontology,BioPortal
vrd,BioPortal
bcs8,BioPortal
bcs7,BioPortal
aspect,BioPortal
brazi,BioPortal
bci-o,BioPortal
dseo,BioPortal
ho,BioPortal
hc,BioPortal
oco,BioPortal
apaeducluster,BioPortal
proj,BioPortal
zahrahaddad,Isolated
qudt2,BioPortal
gmm,BioPortal
my_syriancinema,BioPortal
reproduce-me,BioPortal
dccdfv,BioPortal
premedonto,BioPortal
ontosim,BioPortal
zonmw-content,BioPortal
apatreatment,BioPortal
melo,BioPortal
glycocoo,BioPortal
m4m19-subs,BioPortal
issva,BioPortal
phfumiado,BioPortal
patel,BioPortal
evi,BioPortal
ontodm-core,BioPortal
dsip8,BioPortal
agromop,BioPortal
sco_f23,BioPortal
rocknrolltest,BioPortal
hcm-d,BioPortal
fitbit,BioPortal
optimal,BioPortal
tcdo,BioPortal
ooevv,BioPortal
ontriscal,BioPortal
diab,BioPortal
dfo,BioPortal
brct,BioPortal
ctgo,BioPortal
gender,BioPortal
aceso,BioPortal
cryoem,BioPortal
hivmt,BioPortal
ethanc,BioPortal
dsipfl7,BioPortal
plosthes,BioPortal
go-plus,BioPortal
wear,BioPortal
datacite-vocab,BioPortal
vodana-migrants,BioPortal
mineral,BioPortal
ckdo,BioPortal
hdmponto,BioPortal
onstr,BioPortal
hcodonont,BioPortal
vodanacovid,BioPortal
test_a,BioPortal
pcalion,BioPortal
mono,BioPortal
macroalgaetraits,BioPortal
mosaic,BioPortal
bcteo,BioPortal
triage,BioPortal
socpres,BioPortal
mcr_tx,BioPortal
sp_ontology,BioPortal
ontoparon_social,BioPortal
nddo,BioPortal
opd-nambobi,BioPortal
lbo,BioPortal
lungmap-mouse,BioPortal
incentive,BioPortal
ontopsychia,BioPortal
ml_mcr_tx,BioPortal
nihss,BioPortal
ros,BioPortal
allergydetector,BioPortal
nhsqi2009,BioPortal
hord,BioPortal
hasco,BioPortal
envthes,BioPortal
geosparql,BioPortal
mvaont,BioPortal
legalapatest2,BioPortal
agrocymac,BioPortal
gecco,BioPortal
lsfc,BioPortal
lsfo,BioPortal
hmislab0115,BioPortal
pino,Isolated
mio,BioPortal
hsclo38,BioPortal
lcgft,BioPortal
infra-en,BioPortal
koro,BioPortal
eol,BioPortal
bsao,BioPortal
hupson,BioPortal
farmaci,BioPortal
tp4,BioPortal
ai,BioPortal
sse,BioPortal
pghd-bp,BioPortal
evs,BioPortal
intveetype,BioPortal
hcdr,BioPortal
inverseroles,BioPortal
preo,BioPortal
i-adopt,BioPortal
mltx,BioPortal
pseudo,BioPortal
dermlex,BioPortal
ibo,BioPortal
phenx,BioPortal
smo,BioPortal
apastatistical,BioPortal
partumdo,BioPortal
matrrock,BioPortal
strong,BioPortal
adher_intcare_en,BioPortal
ontopneumo,BioPortal
sco_v1,BioPortal
ontoparon,BioPortal
fldlb3,BioPortal
tron,BioPortal
kusiima,BioPortal
jerm,BioPortal
nln,BioPortal
chear,BioPortal
bao-gpcr,BioPortal
cptac,BioPortal
paco,BioPortal
heio,BioPortal
abd,BioPortal
nccnehr,BioPortal
mstde,BioPortal
m4m-20-subjects,BioPortal
lungmap_h_cell,BioPortal
pdon,BioPortal
iso639-1,BioPortal
iso639-2,BioPortal
tco,BioPortal
tst7,BioPortal
lungmap_m_cell,BioPortal
idqa,BioPortal
eld,BioPortal
iceci,BioPortal
iso19115con,BioPortal
id-amr,BioPortal
patmhc,BioPortal
neurobrg,BioPortal
ontotoxnuc,BioPortal
regn_bro,BioPortal
bridg,BioPortal
m4m19-vars,BioPortal
fns-h,BioPortal
ncco,BioPortal
ad-drop,BioPortal
mchvodanaterms,BioPortal
edda_pt,BioPortal
mdm,BioPortal
svu_mws_wsm,BioPortal
adalab-meta,BioPortal
exact,BioPortal
rvo,BioPortal
library,BioPortal
lc-carriers,BioPortal
iso19115cc,BioPortal
iso19115ci,BioPortal
stmso,BioPortal
ddiem,BioPortal
adar,BioPortal
lion,LOD
covid19,Kaggle
phylont,BioPortal
fast-event-skos,BioPortal
iso19108to,BioPortal
longcovid,BioPortal
ahol,BioPortal
cyto,BioPortal
aio,BioPortal
radmo,BioPortal
vdot,BioPortal
hp_o,BioPortal
pesont,BioPortal
phenomeblast,BioPortal
three-st,BioPortal
hspo,BioPortal
doccc,BioPortal
vodana-general,BioPortal
opdront,BioPortal
medicalinfo,BioPortal
hecon,BioPortal
bto-bfo,BioPortal
vodanethiopia_or,BioPortal
kgcl,BioPortal
bifo,BioPortal
oto,BioPortal
ird,BioPortal
irdg,BioPortal
sst,BioPortal
snmi,BioPortal
esso,BioPortal
ecdo,BioPortal
brso,BioPortal
haauraado,BioPortal
onl-tasks,BioPortal
mera,BioPortal
inbancido,BioPortal
etanc,BioPortal
bno,BioPortal
cwd,BioPortal
doremus-keys,BioPortal
pathlex,BioPortal
bcon,GitHub
bt-ontology,BioPortal
iso-annotations,BioPortal
fdt-o,BioPortal
hero,BioPortal
home,BioPortal
ciinteado,BioPortal
procchemical,BioPortal
iso-15926-2_2003,BioPortal
bcmo,BioPortal
ccon,BioPortal
lda,BioPortal
sk,BioPortal
metpo,BioPortal
incentive-vars,BioPortal
wsio,BioPortal
soil-prof,BioPortal
gfo-bio,BioPortal
carre,BioPortal
landform,BioPortal
opdzimbabwe,BioPortal
ontovip,BioPortal
lungmap-human,BioPortal
payor,BioPortal
dsipf7,BioPortal
onlira,BioPortal
bko,BioPortal
medo,BioPortal
sdoed,Isolated
episem,BioPortal
sedi,BioPortal
gmo,BioPortal
zonmw-admin-md,BioPortal
moc,BioPortal
nemo,BioPortal
m4m-20-variables,BioPortal
repos,BioPortal
hravs,BioPortal
case-base-onto,BioPortal
onl-msa,BioPortal
xref-funder-reg,BioPortal
dikb,BioPortal
ebp,BioPortal
sleep,BioPortal
henegeo,BioPortal
uhc-metadata,BioPortal
fenics,BioPortal
vodana-mi,BioPortal
dmdsont,BioPortal
chr,BioPortal
chro,BioPortal
como,BioPortal
mco4hke,BioPortal
copdo,BioPortal
hivo004,BioPortal
ccont,Wikidata
vodan_anc,BioPortal
g-prov,Isolated
bto_ontology,BioPortal
mccl,BioPortal
mccv,BioPortal
bllm,BioPortal
drpsnpto,BioPortal
goldterms,BioPortal
piero,BioPortal
fcc1,BioPortal
fo,BioPortal
fg,BioPortal
cu-vo,BioPortal
sato,BioPortal
orex-sam,BioPortal
scio,BioPortal
admf,BioPortal
admo,BioPortal
rnrmu,BioPortal
edem-connectonto,BioPortal
cn,BioPortal
gff-m4m,BioPortal
pdo_cas,BioPortal
emo,BioPortal
qudt2-1,BioPortal
rpo,BioPortal
syrian-cinema,BioPortal
pts,BioPortal
exmo,BioPortal
lico,BioPortal
matr,BioPortal
mini-fast-1,BioPortal
neumore,BioPortal
panet,BioPortal
envs_variables,BioPortal
snomedct,OLS
fit_bit,BioPortal
icw,BioPortal
ogco,BioPortal
insname,BioPortal
ontoreplicov,BioPortal
nidm-results,BioPortal
hivcrs,BioPortal
dloro,BioPortal
gffo,BioPortal
nro,BioPortal
rh-mesh,BioPortal
intvmode,BioPortal
cohsi2study,BioPortal
fast-chrono,BioPortal
ibio,BioPortal
adher_intcare_sp,BioPortal
edda,BioPortal
patgv,BioPortal
eso_c,BioPortal
hns,BioPortal
mixs,BioPortal
mooccuado,BioPortal
fish-ast,BioPortal
mpo,BioPortal
cseo,Wikidata
bp-metadata,BioPortal
obs,BioPortal
ito,BioPortal
leo,BioPortal
adalab,BioPortal
mepo,BioPortal
arcrc,BioPortal
csso,BioPortal
apadisorders,BioPortal
sweet,BioPortal
eo1,BioPortal
satusehatthesis,BioPortal
mwla,BioPortal
fgnhns,BioPortal
m,BioPortal
mm,BioPortal
pmo,BioPortal
ftc,BioPortal
ifar,BioPortal
onl-dp,BioPortal
cpro,BioPortal
altproton,BioPortal
inbio,BioPortal
ik,BioPortal
vodanauganda,BioPortal
pcao,BioPortal
gb,BioPortal
fall,BioPortal
hed,BioPortal
regn_go,BioPortal
bclion,BioPortal
simm,BioPortal
tdwgspec,BioPortal
matrcompound,BioPortal
fast-title,BioPortal
dranpto,BioPortal
phage,BioPortal
fast-genreform,BioPortal
phmammado,BioPortal
emif-ad,BioPortal
neio,BioPortal
hgnc-nr,BioPortal
bibframe,BioPortal
metabus,BioPortal
hivhpvfgs,BioPortal
bibliotek-o,BioPortal
pcmo,BioPortal
pghd_connect,BioPortal
ctu_beready_gem,BioPortal
ego,BioPortal
pplc,BioPortal
marc-languages,BioPortal
pvonto,BioPortal
pmapp-pmo,BioPortal
iaml-mop,BioPortal
atom,BioPortal
atol,BioPortal
m4m-char,BioPortal
vodanakenya,BioPortal
nlmvs,BioPortal
rda-content,BioPortal
ichom-proms-pcb,Isolated
bdpm,BioPortal
opb,BioPortal
iso19115,BioPortal
iso19110,BioPortal
falls,BioPortal
biomo,BioPortal
sdoho,Isolated
gcbo,BioPortal
hoip,BioPortal
cedarvs,BioPortal
ope,BioPortal
moocciado,BioPortal
obi_iee,BioPortal
neo,BioPortal
apaneurocluster,BioPortal
materialsmine,BioPortal
iso-food,BioPortal
dsip_fl_7,BioPortal
mooculado,BioPortal
orex-wg,BioPortal
nmobr,BioPortal
paymentmode,BioPortal
thesisdemo,BioPortal
ofsmr,BioPortal
four-m_vocabs,BioPortal
acvd_ontology,BioPortal
fasto,BioPortal
svu_mws_wsm_f23,BioPortal
hoom,BioPortal
tephram4mexample,BioPortal
ethopd,BioPortal
bin,BioPortal
insecth,BioPortal
infection_trans,BioPortal
hivhpv,BioPortal
endoh,Isolated
biodivthes,BioPortal
d3o,BioPortal
nxdx,BioPortal
wetaxtopics,BioPortal
wweca,BioPortal
bio2rdf-pubmed,Bio2RDF
pco,Ontobee
ccfo,Ontobee
uniprot,LOD
sibo,Ontobee
rexo,BioPortal
reto,OLS
dcm,OLS
bco,OBO
foodon,GitHub
bfo,Ontobee
mirnao,Ontobee
ncro,Ontobee
fbsp,OBO
dinto,Wikidata
fbcv,Ontobee
dron,Wikidata
ado,Ontobee
owl,OLS
coid,GitHub
dpo,OBO
ecao,OBO
disdriv,OBO
doid,Ontobee
txpo,Ontobee
cto,GitHub
cctoo,GitHub
ncit,BioPortal
mondo,Ontobee
nomen,Ontobee
apollo_sv,Wikidata
icdo,Ontobee
tads,Ontobee
uberon,OBO
chiro,Ontobee
chebi,Ontobee
oce,BioPortal
bioportal-bootstrep,LOD
idomal,Ontobee
ido,Wikidata
veo,LOV
cido,Ontobee
cbo,Wikidata
ktao,GitHub
geno,OBO
bcgo,Wikidata
ino,Ontobee
hino,Ontobee
oostt,Ontobee
ons,Ontobee
mco,Ontobee
pdro,OBO
pcl,Wikidata
pdumdv,Ontobee
hom,Ontobee
afo,OLS
enm,Isolated
ddpheno,OBO
dideo,Wikidata
eco,Ontobee
ecocore,Ontobee
ao,BioPortal
hao,LOD
hsapdv,Ontobee
hso,Wikidata
htn,Wikidata
chmo,Ontobee
olobo,Ontobee
pico,BioPortal
maxo,Ontobee
fbbt,Ontobee
fbdv,Ontobee
bto,Wikidata
ncbitaxon,LOD
pw,LOD
ogi,LOD
ev,LOD
ehdaa2,Ontobee
mmo,Wikidata
ido;_vido;_cido,Wikidata
genepio,Wikidata
epio,Ontobee
cl,Wikidata
cheminf,LOD
mido,GitHub
vido,Ontobee
idocovid19,OLS
lib,BioPortal
of,BioPortal
cs,BioPortal
xlmod,Ontobee
colao,Ontobee
gaz,Ontobee
dcterms,OLS
dicom,LOV
ero,Ontobee
cro,Ontobee
psdo,Ontobee
taxrank,Ontobee
hra,OLS
mro,BioPortal
iao,Ontobee
ocd,LOV
cco,OLS
chemrof,GitHub
amphx,Ontobee
dto,GitHub
carolio,GitHub
odnae,GitHub
oae,Wikidata
iceo,Ontobee
orth,OLS
fbbi,Ontobee
cmo,Wikidata
go,Wikidata
hancestro,Ontobee
ico,Ontobee
pr,Wikidata
proco,OBO
miapa,OBO
vo,Wikidata
fideo,Wikidata
ohmi,Wikidata
ohd,Wikidata
mop,Ontobee
eupath,Wikidata
spd,Ontobee
pato,OBO
cdno,Ontobee
gecko,Wikidata
bspo,Ontobee
epo,Ontobee
oarcs,Ontobee
ovae,Wikidata
phipo,OBO
vbo,Ontobee
vt,OBO
fovt,Ontobee
fobi,Ontobee
gexo,OLS
lepao,Ontobee
flopo,Ontobee
fma,Ontobee
obi,Ontobee
obib,Ontobee
micro,Ontobee
vso,LOV
ogg,BioPortal
omit,Ontobee
caro,Ontobee
nbo,OBO
mi,Ontobee
biolink,OLS
ocimido,GitHub
opmi,Wikidata
do,Isolated
gsso,OBO
rxno,Ontobee
cob,Ontobee
ocmr,BioPortal
edam-bioimaging,GitHub
sepio,Isolated
rbo,Ontobee
symp,Ontobee
ogsf,Ontobee
ocvdae,GitHub
codo,GitHub
covid-19,Kaggle
obiws,Ontobee
mpio/mpio,Wikidata
oba/oba,Ontobee
aro/aro,OBO
modsci/modsci,LOV
scdo/scdo,OBO
bmont/bmont,BioPortal
cmpo/cmpo,OLS
ngbo/ngbo,OBO
cvdo/cvdo,Ontobee
exo,LOD
labo/labo,Wikidata
vio,BioPortal
cteno/cteno,OBO
ceph/ceph,OBO
aero,OBO
xco,Ontobee
sbo,Ontobee
vsao,OBO
bao,Ontobee
ipr,OBO
vhog,OBO
bioportal-dc_cl,Wikidata
bioportal-mao,LOD
linkedct,LOD
bioportal-omit,LOD
bioportal-tmo,LOD
